"Fecundity","lower","median","upper","count"
FALSE,0.00235869989951993,0.109434123880198,0.989545969903112,429
TRUE,0.0163129744651484,0.238,0.927666796794268,155
